{"Russia": "0", "Ukraine": "1", "Kazakhstan": "2", "China": "3", "Philippines": "4", "Myanmar": "5", "Indonesia": "6", "Malaysia": "7", "Kenya": "8", "Tanzania": "9", "Vietnam": "10", "Kyrgyzstan": "11", "USA (virtual)": "12", "Israel": "13", "HongKong": "14", "Poland": "15", "England": "16", "Madagascar": "17", "DCongo": "18", "Nigeria": "19", "Macao": "20", "Egypt": "21", "India": "22", "Ireland": "23", "Cambodia": "24", "Laos": "25", "Haiti": "26", "Ivory": "27", "Gambia": "28", "Serbia": "29", "Yemen": "30", "Southafrica": "31", "Romania": "32", "Colombia": "33", "Estonia": "34", "Azerbaijan": "35", "Canada": "36", "Morocco": "37", "Ghana": "38", "Argentina": "39", "Uzbekistan": "40", "Cameroon": "41", "Chad": "42", "Germany": "43", "Lithuania": "44", "Croatia": "45", "Sweden": "46", "Iraq": "47", "Netherlands": "48", "Latvia": "49", "Austria": "50", "Belarus": "51", "Thailand": "52", "Saudiarabia": "53", "Mexico": "54", "Taiwan": "55", "Spain": "56", "Iran": "57", "Algeria": "58", "Slovenia": "59", "Bangladesh": "60", "Senegal": "61", "Turkey": "62", "Czech": "63", "Srilanka": "64", "Peru": "65", "Pakistan": "66", "Newzealand": "67", "Guinea": "68", "Mali": "69", "Venezuela": "70", "Ethiopia": "71", "Mongolia": "72", "Brazil": "73", "Afghanistan": "74", "Uganda": "75", "Angola": "76", "Cyprus": "77", "France": "78", "Papua": "79", "Mozambique": "80", "Nepal": "81", "Belgium": "82", "Bulgaria": "83", "Hungary": "84", "Moldova": "85", "Italy": "86", "Paraguay": "87", "Honduras": "88", "Tunisia": "89", "Nicaragua": "90", "Timorleste": "91", "Bolivia": "92", "Costarica": "93", "Guatemala": "94", "Uae": "95", "Zimbabwe": "96", "Puertorico": "97", "Sudan": "98", "Togo": "99", "Kuwait": "100", "Salvador": "101", "Libyan": "102", "Jamaica": "103", "Trinidad": "104", "Ecuador": "105", "Swaziland": "106", "Oman": "107", "Bosnia": "108", "Dominican": "109", "Syrian": "110", "Qatar": "111", "Panama": "112", "Cuba": "113", "Mauritania": "114", "Sierraleone": "115", "Jordan": "116", "Portugal": "117", "Barbados": "118", "Burundi": "119", "Benin": "120", "Brunei": "121", "Bahamas": "122", "Botswana": "123", "Belize": "124", "Caf": "125", "Dominica": "126", "Grenada": "127", "Georgia": "128", "Greece": "129", "Guineabissau": "130", "Guyana": "131", "Iceland": "132", "Comoros": "133", "Saintkitts": "134", "Liberia": "135", "Lesotho": "136", "Malawi": "137", "Namibia": "138", "Niger": "139", "Rwanda": "140", "Slovakia": "141", "Suriname": "142", "Tajikistan": "143", "Monaco": "144", "Bahrain": "145", "Reunion": "146", "Zambia": "147", "Armenia": "148", "Somalia": "149", "Congo": "150", "Chile": "151", "Furkinafaso": "152", "Lebanon": "153", "Gabon": "154", "Albania": "155", "Uruguay": "156", "Mauritius": "157", "Bhutan": "158", "Maldives": "159", "Guadeloupe": "160", "Turkmenistan": "161", "Frenchguiana": "162", "Finland": "163", "Saintlucia": "164", "Luxembourg": "165", "Saintvincentgrenadines": "166", "Equatorialguinea": "167", "Djibouti": "168", "Antiguabarbuda": "169", "Caymanislands": "170", "Montenegro": "171", "Denmark": "172", "Switzerland": "173", "Norway": "174", "Australia": "175", "Eritrea": "176", "Southsudan": "177", "Saotomeandprincipe": "178", "Aruba": "179", "Montserrat": "180", "Anguilla": "181", "Japan": "182", "Northmacedonia": "183", "Seychelles": "184", "Newcaledonia": "185", "Capeverde": "186", "USA": "187", "Palestine": "188", "Fiji": "189", "Southkorea": "190", "Northkorea": "191", "Westernsahara": "192", "Solomonislands": "193", "Jersey": "194", "Bermuda": "195", "Singapore": "196", "Tonga": "197", "Samoa": "198", "Malta": "199", "Liechtenstein": "200"}